year;department;surname;name;email
3A;IMI;Nodet;Sixtine;sixtine.nodet@eleves.enpc.fr
3A;IMI;Ducorroy;Alexandre;alexandre.ducorroy@eleves.enpc.fr
3A;IMI;Chau;Matthieu;matthieu.chau@eleves.enpc.fr
3A;IMI;Baulier;Nils;nils.baulier@eleves.enpc.fr
2A;IMI;Cazier;Maxime;maxime.cazier@eleves.enpc.fr
2A;IMI;Gachenot;Alexandre;alexandre.gachenot@eleves.enpc.fr
2A;IMI;Chaussade;Théodore;theodore.chaussade@eleves.enpc.fr
2A;IMI;Butet;Pierre-Louis;pierre-louis.butet@eleves.enpc.fr